value;params_activation;params_alpha;params_hidden_layer_sizes;params_learning_rate;params_max_iter;params_solver;scaled;pca
0.727272727;logistic;3.44E-05;70;adaptive;646;adam;0;0
0.753246753;identity;0.000545649;66;adaptive;155;lbfgs;0;0
0.668831169;logistic;0.041396256;68;constant;269;sgd;0;0
0.649350649;logistic;0.008219443;86;constant;697;lbfgs;0;0
0.675324675;identity;0.000918272;46;constant;823;sgd;0;0
0.746753247;relu;0.00203139;38;adaptive;127;lbfgs;0;0
0.642857143;relu;0.00330415;49;constant;129;sgd;0;0
0.616883117;identity;1.66E-05;46;invscaling;980;adam;0;0
0.688311688;logistic;9.38E-05;58;adaptive;253;adam;0;0
0.662337662;tanh;0.004958127;50;adaptive;424;lbfgs;0;0
0.649350649;relu;0.002502843;42;adaptive;431;adam;0;0
0.772727273;identity;0.055837391;3;adaptive;111;lbfgs;0;0
0.701298701;logistic;0.01111041;76;adaptive;469;sgd;0;0
0.675324675;relu;2.29E-05;75;invscaling;497;sgd;0;0
0.707792208;relu;0.053104688;37;constant;760;adam;0;0
0.642857143;tanh;0.013860581;9;invscaling;829;lbfgs;0;0
0.62987013;logistic;1.69E-05;54;invscaling;560;lbfgs;0;0
0.655844156;tanh;0.001421365;100;adaptive;923;sgd;0;0
0.707792208;identity;2.62E-05;100;invscaling;903;adam;0;0
0.649350649;tanh;0.002304168;67;constant;694;lbfgs;0;0
0.642857143;logistic;0.00755764;13;adaptive;627;sgd;0;0
0.649350649;tanh;0.006991002;24;constant;434;sgd;0;0
0.727272727;identity;0.000111228;84;adaptive;456;sgd;0;0
0.603896104;identity;1.25E-05;72;invscaling;749;sgd;0;0
0.590909091;identity;0.086386871;5;invscaling;813;sgd;0;0
0.753246753;identity;0.000170855;100;invscaling;585;lbfgs;0;0
0.551948052;identity;1.58E-05;44;invscaling;712;lbfgs;0;0
0.636363636;tanh;1.16E-05;31;constant;713;lbfgs;0;0
0.668831169;relu;0.023407723;48;invscaling;654;adam;0;0
0.662337662;identity;6.32E-05;46;constant;943;sgd;0;0
0.603896104;relu;0.013075563;17;adaptive;552;adam;0;0
0.558441558;tanh;0.003327842;60;invscaling;668;sgd;0;0
0.701298701;relu;0.005278763;60;constant;182;sgd;0;0
0.668831169;identity;2.16E-05;7;adaptive;836;adam;0;0
0.701298701;tanh;0.058853472;68;adaptive;169;adam;0;0
0.649350649;logistic;4.78E-05;87;constant;327;lbfgs;0;0
0.668831169;tanh;0.064789342;41;constant;607;lbfgs;0;0
0.74025974;logistic;4.85E-05;76;constant;261;adam;0;0
0.701298701;logistic;7.09E-05;76;adaptive;256;sgd;0;0
0.714285714;identity;0.00017346;59;adaptive;252;sgd;0;0
0.681818182;identity;0.006372992;77;invscaling;755;adam;0;0
0.662337662;tanh;0.008868843;97;invscaling;718;lbfgs;0;0
0.668831169;logistic;0.006668106;97;adaptive;334;adam;0;0
0.642857143;tanh;0.00031307;31;constant;795;lbfgs;0;0
0.642857143;logistic;0.002033552;71;invscaling;623;sgd;0;0
0.649350649;logistic;0.004381616;61;constant;483;lbfgs;0;0
0.707792208;logistic;0.000174978;81;adaptive;304;sgd;0;0
0.642857143;logistic;0.000564353;87;constant;150;lbfgs;0;0
0.688311688;identity;0.000229126;52;invscaling;941;adam;0;0
0.707792208;logistic;0.003384163;37;invscaling;987;adam;0;0
0.662337662;identity;0.001619081;97;constant;570;adam;0;0
0.753246753;identity;9.07E-05;42;invscaling;108;lbfgs;0;0
0.714285714;identity;1.66E-05;92;adaptive;228;adam;0;0
0.714285714;logistic;0.002494986;83;adaptive;475;adam;0;0
0.753246753;identity;0.003822881;98;adaptive;611;lbfgs;0;0
0.688311688;tanh;1.37E-05;60;constant;977;adam;0;0
0.649350649;relu;2.11E-05;47;adaptive;230;adam;0;0
0.623376623;relu;1.91E-05;17;invscaling;205;sgd;0;0
0.714285714;relu;0.003529388;76;invscaling;329;lbfgs;0;0
0.753246753;identity;7.26E-05;35;constant;628;lbfgs;0;0
0.701298701;logistic;0.000597811;9;invscaling;164;adam;0;0
0.623376623;tanh;0.079520706;23;adaptive;376;adam;0;0
0.662337662;relu;0.000360467;44;adaptive;115;adam;0;0
0.668831169;identity;2.00E-05;41;invscaling;720;sgd;0;0
0.753246753;identity;0.002834539;67;constant;835;lbfgs;0;0
0.727272727;logistic;5.62E-05;93;constant;131;adam;0;0
0.675324675;tanh;0.003870801;27;invscaling;111;lbfgs;0;0
0.616883117;relu;0.006048482;18;invscaling;521;sgd;0;0
0.74025974;logistic;0.001905195;43;adaptive;990;adam;0;0
0.642857143;logistic;9.81E-05;72;invscaling;758;sgd;0;0
0.662337662;logistic;0.000579917;96;invscaling;753;lbfgs;0;0
0.720779221;relu;0.004616444;40;invscaling;817;lbfgs;0;0
0.675324675;tanh;0.008782018;53;constant;677;sgd;0;0
0.707792208;relu;0.046672638;30;constant;721;lbfgs;0;0
0.681818182;logistic;0.000500569;45;invscaling;586;lbfgs;0;0
0.662337662;identity;0.017909056;50;constant;865;sgd;0;0
0.649350649;logistic;8.95E-05;76;invscaling;342;sgd;0;0
0.733766234;logistic;0.004653916;14;constant;452;adam;0;0
0.688311688;tanh;0.016973557;74;constant;724;adam;0;0
0.675324675;logistic;0.002518346;7;adaptive;822;lbfgs;0;0
0.655844156;relu;0.012296269;17;invscaling;790;sgd;0;0
0.649350649;tanh;7.71E-05;67;adaptive;285;lbfgs;0;0
0.688311688;relu;0.003711339;61;adaptive;700;lbfgs;0;0
0.753246753;identity;2.18E-05;13;adaptive;263;lbfgs;0;0
0.753246753;identity;0.000173694;28;constant;947;lbfgs;0;0
0.681818182;logistic;0.000274276;45;adaptive;510;sgd;0;0
0.655844156;tanh;0.052535274;8;adaptive;953;sgd;0;0
0.623376623;logistic;7.39E-05;75;constant;484;lbfgs;0;0
0.688311688;relu;0.011356783;75;adaptive;520;sgd;0;0
0.642857143;logistic;0.043286602;3;invscaling;820;adam;0;0
0.655844156;relu;0.000273906;19;constant;379;sgd;0;0
0.649350649;identity;0.032751095;93;adaptive;366;adam;0;0
0.707792208;tanh;0.02167922;75;constant;239;adam;0;0
0.727272727;tanh;7.06E-05;54;constant;530;sgd;0;0
0.720779221;logistic;0.067495314;30;adaptive;871;adam;0;0
0.662337662;relu;0.001880389;40;invscaling;605;adam;0;0
0.532467532;logistic;0.000869746;37;constant;615;lbfgs;0;0
0.753246753;identity;1.56E-05;48;constant;298;lbfgs;0;0
0.642857143;logistic;0.012696634;98;invscaling;390;sgd;0;0
0.714285714;logistic;0.008057955;30;adaptive;414;lbfgs;0;0
0.74025974;relu;0.003049818;44;adaptive;539;sgd;0;0
0.655844156;relu;0.001798884;81;invscaling;326;sgd;0;0
0.642857143;tanh;2.69E-05;4;invscaling;648;adam;0;0
0.668831169;relu;1.22E-05;44;invscaling;295;adam;0;0
0.675324675;tanh;1.08E-05;63;constant;561;sgd;0;0
0.668831169;logistic;0.04751544;97;constant;352;adam;0;0
0.681818182;identity;1.39E-05;11;constant;113;sgd;0;0
0.753246753;identity;0.000261255;10;constant;853;lbfgs;0;0
0.62987013;identity;0.0008045;23;constant;950;sgd;0;0
0.714285714;logistic;0.058058949;14;constant;746;lbfgs;0;0
0.707792208;identity;4.96E-05;68;adaptive;582;adam;0;0
0.662337662;tanh;0.036647452;43;constant;424;sgd;0;0
0.720779221;identity;0.000152195;73;adaptive;391;adam;0;0
0.694805195;relu;0.000208379;87;adaptive;353;sgd;0;0
0.753246753;identity;0.017348581;29;constant;685;lbfgs;0;0
0.675324675;identity;0.002422083;75;constant;378;sgd;0;0
0.642857143;tanh;0.093544583;73;invscaling;648;lbfgs;0;0
0.649350649;tanh;0.000531306;42;adaptive;954;adam;0;0
0.62987013;tanh;0.015657582;71;invscaling;964;lbfgs;0;0
0.753246753;relu;0.004715586;9;adaptive;809;lbfgs;0;0
0.694805195;tanh;0.000959709;91;adaptive;664;sgd;0;0
0.688311688;logistic;0.000458665;7;invscaling;286;adam;0;0
0.694805195;identity;0.017197061;21;adaptive;969;adam;0;0
0.681818182;tanh;6.79E-05;7;adaptive;894;lbfgs;0;0
0.662337662;identity;7.34E-05;73;invscaling;865;sgd;0;0
0.688311688;relu;7.28E-05;70;invscaling;332;sgd;0;0
0.675324675;logistic;2.52E-05;71;adaptive;774;sgd;0;0
0.753246753;identity;2.22E-05;46;constant;697;lbfgs;0;0
0.694805195;relu;0.000164293;19;constant;730;adam;0;0
0.727272727;identity;0.000362958;35;invscaling;207;adam;0;0
0.720779221;logistic;0.000112095;31;invscaling;964;adam;0;0
0.688311688;logistic;0.028113048;32;invscaling;213;adam;0;0
0.636363636;logistic;0.029661838;44;invscaling;917;sgd;0;0
0.753246753;identity;0.007346362;29;adaptive;197;lbfgs;0;0
0.688311688;logistic;1.05E-05;96;invscaling;673;adam;0;0
0.753246753;identity;0.000882719;38;adaptive;667;lbfgs;0;0
0.714285714;identity;1.77E-05;66;adaptive;477;sgd;0;0
0.694805195;relu;0.088395123;80;invscaling;534;lbfgs;0;0
0.649350649;tanh;0.001349256;7;adaptive;528;adam;0;0
0.746753247;relu;6.75E-05;61;constant;314;sgd;0;0
0.720779221;tanh;0.000841457;6;adaptive;618;lbfgs;0;0
0.701298701;identity;0.014689531;15;adaptive;275;sgd;0;0
0.545454545;identity;0.009555311;8;invscaling;157;sgd;0;0
0.707792208;logistic;0.053609221;57;constant;441;adam;0;0
0.694805195;identity;0.001454321;21;constant;804;adam;0;0
0.701298701;logistic;0.004235304;52;invscaling;233;lbfgs;0;0
0.733766234;identity;0.066930034;23;invscaling;627;adam;0;0
0.655844156;tanh;0.046058087;14;constant;808;sgd;0;0
0.642857143;logistic;0.002489591;4;adaptive;870;sgd;0;0
0.707792208;identity;1.30E-05;64;invscaling;629;sgd;0;0
0.701298701;relu;0.0149383;37;adaptive;775;lbfgs;0;0
0.753246753;identity;0.080702218;57;invscaling;655;lbfgs;0;0
0.616883117;logistic;0.034586784;59;invscaling;616;lbfgs;0;0
0.662337662;identity;0.000837126;13;invscaling;299;adam;0;0
0.681818182;relu;0.001120468;43;invscaling;716;lbfgs;0;0
0.603896104;relu;0.025501966;17;adaptive;407;adam;0;0
0.707792208;logistic;4.54E-05;5;invscaling;994;adam;0;0
0.688311688;identity;0.002363147;12;invscaling;565;adam;0;0
0.694805195;relu;0.004050107;46;constant;972;lbfgs;0;0
0.597402597;identity;0.029293758;81;invscaling;115;sgd;0;0
0.668831169;tanh;0.000128781;28;adaptive;379;lbfgs;0;0
0.668831169;tanh;0.004650887;26;adaptive;445;sgd;0;0
0.642857143;logistic;0.000156789;67;invscaling;894;sgd;0;0
0.720779221;relu;0.033359194;74;adaptive;628;lbfgs;0;0
0.655844156;tanh;0.059080256;90;invscaling;966;sgd;0;0
0.662337662;relu;8.35E-05;74;invscaling;662;lbfgs;0;0
0.753246753;logistic;8.91E-05;54;adaptive;576;adam;0;0
0.688311688;tanh;0.014970853;65;constant;331;adam;0;0
0.720779221;identity;1.46E-05;54;adaptive;261;sgd;0;0
0.727272727;identity;4.11E-05;75;adaptive;133;adam;0;0
0.701298701;relu;1.41E-05;65;adaptive;475;lbfgs;0;0
0.720779221;identity;0.009544731;53;adaptive;621;sgd;0;0
0.688311688;tanh;0.009878762;19;constant;728;lbfgs;0;0
0.701298701;tanh;0.001736443;43;invscaling;999;adam;0;0
0.694805195;identity;0.064797505;41;adaptive;995;sgd;0;0
0.662337662;relu;0.019224934;31;adaptive;115;adam;0;0
0.720779221;logistic;7.31E-05;80;adaptive;665;adam;0;0
0.727272727;identity;9.17E-05;4;adaptive;427;lbfgs;0;0
0.714285714;tanh;0.000426521;13;invscaling;523;lbfgs;0;0
0.668831169;logistic;0.002503741;97;adaptive;274;adam;0;0
0.688311688;identity;9.84E-05;65;invscaling;694;sgd;0;0
0.707792208;identity;0.000407077;58;adaptive;241;sgd;0;0
0.746753247;relu;0.000995614;14;adaptive;326;adam;0;0
0.636363636;tanh;4.37E-05;99;constant;900;sgd;0;0
0.688311688;relu;0.004264009;21;invscaling;713;adam;0;0
0.675324675;tanh;0.000519137;5;constant;262;adam;0;0
0.668831169;logistic;0.078763631;9;invscaling;590;lbfgs;0;0
0.74025974;logistic;0.000101368;76;invscaling;952;adam;0;0
0.62987013;tanh;0.016868643;19;constant;912;sgd;0;0
0.642857143;identity;1.35E-05;66;invscaling;980;sgd;0;0
0.681818182;tanh;0.009388379;57;adaptive;114;lbfgs;0;0
0.727272727;relu;0.02010585;1;constant;925;lbfgs;0;0
0.545454545;identity;0.005308655;95;invscaling;458;sgd;0;0
0.61038961;tanh;0.00123734;93;invscaling;253;lbfgs;0;0
0.701298701;identity;0.000776241;78;invscaling;609;adam;0;0
0.668831169;relu;0.017541561;95;invscaling;654;lbfgs;0;0
0.74025974;relu;6.70E-05;70;constant;715;lbfgs;0;0
0.642857143;logistic;0.009121274;64;invscaling;831;lbfgs;0;0
0.753246753;relu;0.000744485;5;adaptive;924;lbfgs;0;0
0.668831169;tanh;0.000114421;48;constant;633;sgd;0;0
0.707792208;relu;0.000140604;99;constant;174;adam;0;0
0.62987013;identity;0.00751504;17;invscaling;213;sgd;0;0
0.694805195;logistic;7.11E-05;44;adaptive;540;lbfgs;0;0
0.577922078;relu;0.000420496;30;constant;308;sgd;0;0
0.753246753;identity;2.10E-05;64;adaptive;378;lbfgs;0;0
0.642857143;logistic;1.36E-05;4;constant;472;sgd;0;0
0.538961039;identity;0.001429545;12;invscaling;506;sgd;0;0
0.746753247;identity;0.000138027;19;adaptive;861;lbfgs;0;0
0.668831169;logistic;0.0021331;63;adaptive;955;sgd;0;0
0.642857143;logistic;1.97E-05;32;invscaling;660;sgd;0;0
0.74025974;logistic;1.74E-05;96;constant;208;adam;0;0
0.675324675;relu;0.066393207;85;constant;934;sgd;0;0
0.662337662;logistic;0.023745169;13;constant;213;lbfgs;0;0
0.649350649;logistic;5.41E-05;34;invscaling;519;lbfgs;0;0
0.694805195;tanh;0.093546477;17;constant;404;adam;0;0
0.714285714;identity;0.001863806;65;adaptive;159;sgd;0;0
0.662337662;identity;0.063588944;95;adaptive;103;adam;0;0
0.448051948;relu;2.55E-05;27;invscaling;261;sgd;0;0
0.62987013;relu;1.90E-05;1;constant;897;adam;0;0
0.720779221;identity;0.004419043;94;constant;824;sgd;0;0
0.642857143;tanh;3.98E-05;63;invscaling;192;sgd;0;0
0.675324675;relu;0.001374892;89;invscaling;625;sgd;0;0
0.655844156;logistic;0.020759037;69;adaptive;305;lbfgs;0;0
0.655844156;tanh;0.000139077;81;constant;347;sgd;0;0
0.694805195;logistic;0.004994081;34;adaptive;673;sgd;0;0
0.753246753;identity;0.00578837;73;invscaling;394;lbfgs;0;0
0.61038961;identity;0.000290436;17;invscaling;182;sgd;0;0
0.668831169;identity;0.024183393;24;invscaling;351;adam;0;0
0.662337662;logistic;0.010767968;6;constant;131;lbfgs;0;0
0.681818182;tanh;0.019442515;69;adaptive;494;lbfgs;0;0
0.675324675;tanh;5.57E-05;34;adaptive;699;lbfgs;0;0
0.753246753;identity;0.006412239;67;constant;231;lbfgs;0;0
0.655844156;tanh;0.00021223;38;constant;392;sgd;0;0
0.642857143;relu;0.001450195;39;invscaling;190;sgd;0;0
0.681818182;relu;0.062222489;74;constant;537;adam;0;0
0.707792208;logistic;0.001979978;17;invscaling;315;adam;0;0
0.727272727;logistic;0.053786498;61;adaptive;327;adam;0;0
0.701298701;logistic;0.037698533;77;adaptive;939;sgd;0;0
0.642857143;tanh;0.00174924;4;invscaling;393;adam;0;0
0.662337662;logistic;0.008254426;90;invscaling;390;sgd;0;0
0.733766234;logistic;0.000343995;66;adaptive;211;sgd;0;0
0.636363636;tanh;0.009009484;53;adaptive;936;lbfgs;0;0
0.701298701;relu;0.049794563;89;adaptive;772;lbfgs;0;0
0.720779221;tanh;0.000219366;34;invscaling;236;adam;0;0
0.636363636;tanh;0.00082468;11;constant;244;adam;0;0
0.675324675;logistic;0.000203543;62;constant;633;sgd;0;0
0.655844156;identity;2.65E-05;26;invscaling;694;sgd;0;0
0.642857143;logistic;1.12E-05;6;invscaling;653;sgd;0;0
0.668831169;tanh;0.002170414;46;invscaling;473;lbfgs;0;0
0.733766234;identity;0.000136983;16;invscaling;338;lbfgs;0;0
0.694805195;relu;2.03E-05;83;constant;320;sgd;0;0
0.675324675;tanh;0.04074661;52;constant;605;adam;0;0
0.649350649;tanh;0.000158406;11;invscaling;285;adam;0;0
0.714285714;relu;0.000204305;99;constant;973;adam;0;0
0.753246753;identity;0.001945809;15;constant;1000;lbfgs;0;0
0.62987013;relu;0.000220627;40;invscaling;228;sgd;0;0
0.636363636;tanh;1.04E-05;11;invscaling;996;adam;0;0
0.649350649;tanh;0.000202154;18;constant;449;lbfgs;0;0
0.694805195;logistic;1.60E-05;36;adaptive;720;sgd;0;0
0.74025974;logistic;1.54E-05;13;adaptive;611;adam;0;0
0.707792208;logistic;0.006273784;46;invscaling;480;adam;0;0
0.668831169;logistic;0.000160593;97;adaptive;765;adam;0;0
0.701298701;identity;6.88E-05;88;adaptive;530;sgd;0;0
0.701298701;relu;0.005616177;79;invscaling;753;lbfgs;0;0
0.727272727;logistic;0.001925185;34;constant;883;adam;0;0
0.655844156;relu;1.44E-05;38;invscaling;496;adam;0;0
0.727272727;relu;0.089234997;76;adaptive;297;lbfgs;0;0
0.636363636;tanh;0.004816224;24;adaptive;683;adam;0;0
0.655844156;identity;0.003563931;55;invscaling;774;adam;0;0
0.694805195;relu;0.096049718;56;adaptive;882;adam;0;0
0.675324675;logistic;1.85E-05;59;constant;194;sgd;0;0
0.707792208;logistic;0.010429796;58;adaptive;833;adam;0;0
0.642857143;tanh;0.000502776;2;adaptive;334;lbfgs;0;0
0.474025974;identity;0.044807061;51;constant;393;sgd;0;0
0.642857143;logistic;0.000111506;11;constant;600;lbfgs;0;0
0.662337662;tanh;0.000229499;79;invscaling;155;adam;0;0
0.733766234;relu;0.000266043;87;invscaling;278;lbfgs;0;0
0.720779221;identity;3.29E-05;33;invscaling;794;adam;0;0
0.714285714;identity;0.014738447;57;adaptive;455;sgd;0;0
0.688311688;tanh;2.47E-05;46;constant;610;adam;0;0
0.668831169;logistic;0.003938089;97;adaptive;988;adam;0;0
0.662337662;tanh;1.97E-05;67;invscaling;842;lbfgs;0;0
0.720779221;identity;0.005126852;54;adaptive;373;sgd;0;0
0.694805195;relu;1.98E-05;19;adaptive;301;adam;0;0
0.675324675;tanh;0.009438639;72;invscaling;272;lbfgs;0;0
0.636363636;tanh;0.06308499;72;invscaling;102;sgd;0;0
0.649350649;relu;0.000457303;91;invscaling;803;sgd;0;0
0.662337662;relu;7.38E-05;7;constant;323;adam;0;0
0.714285714;identity;0.000146572;38;constant;365;adam;0;0
0.655844156;tanh;0.015763912;36;invscaling;995;lbfgs;0;0
0.649350649;relu;0.030523334;10;invscaling;317;sgd;0;0
0.753246753;identity;0.006823438;82;adaptive;774;lbfgs;0;0
0.681818182;tanh;0.010098733;47;constant;287;adam;0;0
0.662337662;logistic;0.013343735;49;constant;837;lbfgs;0;0
0.454545455;identity;0.001197329;70;constant;964;sgd;0;0
0.649350649;identity;0.00427351;64;invscaling;133;adam;0;0
0.62987013;tanh;0.0004743;23;adaptive;683;sgd;0;0
0.733766234;logistic;0.000361087;8;adaptive;553;adam;0;0
0.746753247;identity;0.008681701;91;constant;944;lbfgs;0;0
0.62987013;tanh;0.003469256;81;invscaling;200;lbfgs;0;0
0.688311688;relu;0.006889207;99;constant;365;lbfgs;0;0
0.720779221;tanh;0.000208125;15;adaptive;297;adam;0;0
0.642857143;logistic;0.001023007;96;invscaling;996;sgd;0;0
0.694805195;tanh;0.038598002;7;constant;998;lbfgs;0;0
0.675324675;logistic;0.017405632;4;adaptive;748;lbfgs;0;0
0.701298701;relu;1.05E-05;70;adaptive;479;sgd;0;0
0.558441558;logistic;0.004341899;41;invscaling;841;sgd;0;0
0.733766234;identity;0.002772261;61;adaptive;528;adam;0;0
0.636363636;relu;0.09400099;7;invscaling;993;sgd;0;0
0.649350649;tanh;1.15E-05;35;invscaling;179;sgd;0;0
0.681818182;logistic;0.00019441;27;invscaling;935;lbfgs;0;0
0.662337662;logistic;0.002173793;69;adaptive;296;sgd;0;0
0.753246753;identity;1.06E-05;24;adaptive;649;lbfgs;0;0
0.642857143;identity;0.006491471;71;adaptive;141;lbfgs;0;0
0.714285714;logistic;0.004266846;68;invscaling;781;adam;0;0
0.681818182;tanh;0.054595346;30;constant;475;lbfgs;0;0
0.727272727;relu;0.001326035;29;constant;907;lbfgs;0;0
0.714285714;logistic;0.090835497;88;invscaling;743;adam;0;0
0.707792208;relu;0.000303015;61;adaptive;335;sgd;0;0
0.662337662;identity;0.016904376;41;constant;141;sgd;0;0
0.766233766;logistic;0.004452165;54;adaptive;853;adam;0;0
0.74025974;relu;3.79E-05;23;invscaling;210;lbfgs;0;0
0.727272727;tanh;3.52E-05;65;adaptive;136;adam;0;0
0.753246753;identity;0.005152674;65;invscaling;312;lbfgs;0;0
0.753246753;identity;0.037652719;15;constant;781;lbfgs;0;0
0.707792208;identity;0.05987097;68;constant;886;adam;0;0
0.571428571;logistic;2.33E-05;14;invscaling;953;sgd;0;0
0.642857143;logistic;0.004134051;37;invscaling;754;sgd;0;0
0.714285714;relu;0.020249585;48;adaptive;898;lbfgs;0;0
0.714285714;tanh;0.016405399;73;invscaling;477;lbfgs;0;0
0.785714286;relu;0.003849552;8;constant;400;sgd;1;0
0.766233766;relu;0.004155476;38;constant;889;adam;1;0
0.461038961;logistic;2.44E-05;39;invscaling;714;sgd;1;0
0.707792208;tanh;5.74E-05;48;adaptive;982;lbfgs;1;0
0.74025974;identity;0.008520807;23;adaptive;226;sgd;1;0
0.753246753;identity;1.15E-05;47;invscaling;521;lbfgs;1;0
0.733766234;logistic;0.022353248;5;constant;841;lbfgs;1;0
0.746753247;identity;0.000565415;25;adaptive;100;adam;1;0
0.675324675;logistic;0.00023087;82;constant;658;lbfgs;1;0
0.733766234;tanh;0.033213868;30;adaptive;400;sgd;1;0
0.668831169;relu;2.77E-05;41;adaptive;144;lbfgs;1;0
0.681818182;tanh;1.08E-05;41;invscaling;960;lbfgs;1;0
0.668831169;logistic;0.000414281;31;constant;130;lbfgs;1;0
0.357142857;identity;0.001500466;31;invscaling;762;sgd;1;0
0.655844156;relu;0.000497467;63;invscaling;340;lbfgs;1;0
0.75974026;relu;0.075348022;85;invscaling;108;adam;1;0
0.746753247;identity;0.000267309;90;constant;439;sgd;1;0
0.662337662;relu;0.000265;60;constant;243;lbfgs;1;0
0.675324675;logistic;0.002389965;59;invscaling;818;lbfgs;1;0
0.746753247;identity;0.001750285;67;adaptive;872;adam;1;0
0.74025974;tanh;0.000215408;61;constant;460;adam;1;0
0.720779221;relu;0.025935213;67;invscaling;503;lbfgs;1;0
0.668831169;logistic;0.000108971;92;adaptive;933;lbfgs;1;0
0.74025974;tanh;0.003224611;85;constant;633;sgd;1;0
0.746753247;logistic;0.003256332;52;constant;243;adam;1;0
0.675324675;tanh;2.76E-05;29;constant;353;lbfgs;1;0
0.75974026;tanh;2.77E-05;78;adaptive;302;adam;1;0
0.746753247;identity;2.71E-05;12;adaptive;437;adam;1;0
0.753246753;logistic;7.51E-05;35;adaptive;769;sgd;1;0
0.733766234;tanh;0.073250953;41;constant;602;adam;1;0
0.655844156;logistic;0.003279597;52;invscaling;401;lbfgs;1;0
0.675324675;tanh;0.020007842;80;invscaling;813;lbfgs;1;0
0.746753247;identity;2.10E-05;80;constant;726;adam;1;0
0.753246753;relu;0.000658004;4;adaptive;493;sgd;1;0
0.746753247;identity;0.000348427;70;constant;321;lbfgs;1;0
0.350649351;tanh;0.019711681;28;invscaling;225;sgd;1;0
0.636363636;tanh;0.036123287;84;invscaling;337;lbfgs;1;0
0.662337662;tanh;3.02E-05;38;adaptive;440;lbfgs;1;0
0.720779221;tanh;0.027162037;3;adaptive;953;adam;1;0
0.675324675;tanh;0.000393087;50;invscaling;658;lbfgs;1;0
0.636363636;logistic;1.85E-05;69;constant;161;lbfgs;1;0
0.753246753;identity;4.91E-05;15;constant;570;lbfgs;1;0
0.694805195;relu;0.003023978;64;invscaling;756;lbfgs;1;0
0.753246753;identity;0.006614624;38;adaptive;664;lbfgs;1;0
0.636363636;tanh;0.014731683;56;invscaling;305;lbfgs;1;0
0.642857143;logistic;0.000911497;60;invscaling;868;sgd;1;0
0.746753247;identity;0.001205078;20;adaptive;948;adam;1;0
0.714285714;identity;0.071963964;19;invscaling;839;sgd;1;0
0.681818182;tanh;6.37E-05;90;adaptive;403;lbfgs;1;0
0.74025974;relu;0.099954972;13;constant;533;adam;1;0
0.662337662;logistic;0.057815022;21;constant;318;lbfgs;1;0
0.75974026;tanh;6.79E-05;25;constant;449;sgd;1;0
0.74025974;relu;1.52E-05;66;adaptive;734;adam;1;0
0.753246753;relu;0.071896966;69;constant;142;adam;1;0
0.772727273;relu;0.029807541;27;adaptive;551;adam;1;0
0.753246753;identity;0.00014565;20;constant;520;lbfgs;1;0
0.74025974;identity;0.001204628;41;adaptive;996;sgd;1;0
0.655844156;relu;0.001610552;42;adaptive;790;lbfgs;1;0
0.766233766;relu;0.002086646;53;constant;329;adam;1;0
0.753246753;identity;0.0226617;10;invscaling;920;lbfgs;1;0
0.753246753;logistic;4.02E-05;7;constant;239;adam;1;0
0.74025974;relu;0.001167536;46;adaptive;372;adam;1;0
0.74025974;relu;0.000270235;46;adaptive;692;adam;1;0
0.720779221;tanh;0.012141976;5;constant;417;lbfgs;1;0
0.753246753;identity;0.000463975;89;constant;363;lbfgs;1;0
0.603896104;tanh;0.002152761;28;invscaling;998;lbfgs;1;0
0.746753247;tanh;0.004482429;28;constant;776;adam;1;0
0.766233766;logistic;0.006378936;85;constant;741;sgd;1;0
0.74025974;relu;0.025132745;40;constant;950;adam;1;0
0.357142857;logistic;0.014243413;52;invscaling;243;sgd;1;0
0.642857143;logistic;0.084529516;76;invscaling;338;sgd;1;0
0.74025974;logistic;1.06E-05;4;invscaling;235;adam;1;0
0.616883117;relu;0.001579757;52;invscaling;765;lbfgs;1;0
0.766233766;logistic;0.004327847;36;invscaling;755;adam;1;0
0.688311688;tanh;0.000102153;17;invscaling;313;lbfgs;1;0
0.746753247;identity;0.008410028;28;constant;889;adam;1;0
0.75974026;relu;0.004073364;9;constant;832;sgd;1;0
0.727272727;relu;0.084491143;8;invscaling;302;lbfgs;1;0
0.746753247;logistic;0.001724698;93;adaptive;161;adam;1;0
0.701298701;relu;0.089502489;79;adaptive;646;lbfgs;1;0
0.616883117;identity;0.018947187;24;invscaling;533;sgd;1;0
0.662337662;logistic;0.023523766;33;invscaling;842;lbfgs;1;0
0.779220779;logistic;9.68E-05;98;constant;682;sgd;1;0
0.701298701;tanh;2.77E-05;18;adaptive;513;lbfgs;1;0
0.38961039;relu;0.000304515;7;invscaling;423;sgd;1;0
0.655844156;relu;0.017269844;48;adaptive;149;lbfgs;1;0
0.75974026;relu;0.002673601;71;constant;798;sgd;1;0
0.766233766;identity;0.004596749;94;adaptive;617;sgd;1;0
0.785714286;relu;0.001346486;84;adaptive;504;sgd;1;0
0.766233766;identity;1.36E-05;94;adaptive;926;sgd;1;0
0.701298701;relu;0.000490081;23;invscaling;503;lbfgs;1;0
0.753246753;identity;0.001282543;53;constant;279;lbfgs;1;0
0.707792208;relu;0.001262464;76;constant;886;lbfgs;1;0
0.753246753;identity;0.000435983;77;invscaling;909;lbfgs;1;0
0.675324675;tanh;0.004322168;57;invscaling;324;sgd;1;0
0.753246753;relu;0.054724246;88;constant;584;adam;1;0
0.75974026;relu;0.002345695;85;adaptive;512;adam;1;0
0.649350649;relu;0.044890637;84;invscaling;880;lbfgs;1;0
0.753246753;identity;0.000241849;33;invscaling;507;lbfgs;1;0
0.753246753;tanh;0.01523561;53;adaptive;815;sgd;1;0
0.707792208;logistic;2.00E-05;16;constant;325;lbfgs;1;0
0.75974026;tanh;5.31E-05;99;constant;584;sgd;1;0
0.675324675;tanh;0.09302574;89;invscaling;143;lbfgs;1;0
0.720779221;tanh;0.009630322;3;invscaling;256;adam;1;0
0.727272727;logistic;0.001026979;30;invscaling;908;adam;1;0
0.766233766;logistic;0.00129241;66;adaptive;701;adam;1;0
0.733766234;logistic;0.000132594;21;constant;985;adam;1;0
0.753246753;identity;5.64E-05;38;adaptive;864;adam;1;0
0.753246753;tanh;0.000686826;2;constant;775;adam;1;0
0.766233766;identity;0.001189962;28;adaptive;103;sgd;1;0
0.467532468;identity;0.000176859;71;invscaling;904;sgd;1;0
0.694805195;logistic;3.55E-05;22;invscaling;317;lbfgs;1;0
0.766233766;identity;0.000803471;75;constant;122;adam;1;0
0.727272727;relu;0.000236567;2;invscaling;405;adam;1;0
0.753246753;tanh;1.44E-05;47;adaptive;199;sgd;1;0
0.668831169;logistic;4.88E-05;76;constant;671;lbfgs;1;0
0.746753247;relu;0.002136763;54;invscaling;239;adam;1;0
0.746753247;identity;0.019536694;65;constant;805;sgd;1;0
0.772727273;logistic;0.000104156;68;invscaling;422;adam;1;0
0.753246753;identity;0.032489339;47;adaptive;640;lbfgs;1;0
0.746753247;tanh;0.032505779;77;adaptive;256;adam;1;0
0.642857143;tanh;0.03324655;85;adaptive;633;lbfgs;1;0
0.772727273;identity;0.000682917;15;constant;300;sgd;1;0
0.74025974;logistic;0.010257137;100;invscaling;735;adam;1;0
0.649350649;relu;0.000210275;71;invscaling;922;lbfgs;1;0
0.512987013;tanh;7.70E-05;70;invscaling;521;sgd;1;0
0.662337662;relu;1.67E-05;74;adaptive;275;lbfgs;1;0
0.577922078;identity;0.001327742;42;invscaling;658;sgd;1;0
0.753246753;relu;1.97E-05;60;constant;701;sgd;1;0
0.662337662;tanh;0.004922852;54;constant;910;lbfgs;1;0
0.766233766;tanh;0.000107353;28;constant;107;adam;1;0
0.772727273;identity;2.10E-05;84;adaptive;352;adam;1;0
0.694805195;logistic;0.038497462;66;constant;302;lbfgs;1;0
0.357142857;logistic;0.00466516;24;invscaling;674;sgd;1;0
0.75974026;tanh;0.000707732;72;adaptive;361;sgd;1;0
0.662337662;logistic;0.072150634;65;constant;489;lbfgs;1;0
0.662337662;tanh;0.012316246;98;invscaling;306;lbfgs;1;0
0.74025974;identity;2.18E-05;81;constant;618;adam;1;0
0.662337662;relu;8.15E-05;81;adaptive;796;lbfgs;1;0
0.772727273;tanh;0.003617566;65;constant;936;adam;1;0
0.720779221;relu;0.000411751;65;invscaling;208;lbfgs;1;0
0.636363636;tanh;0.009892732;92;invscaling;407;lbfgs;1;0
0.688311688;relu;0.009028743;13;constant;856;lbfgs;1;0
0.662337662;tanh;0.000172677;88;invscaling;832;sgd;1;0
0.642857143;logistic;0.025201149;3;adaptive;327;sgd;1;0
0.74025974;relu;0.000553267;74;invscaling;932;adam;1;0
0.746753247;tanh;0.038928364;84;invscaling;580;adam;1;0
0.688311688;relu;0.000318341;1;invscaling;206;adam;1;0
0.616883117;tanh;0.002072018;19;adaptive;853;lbfgs;1;0
0.753246753;identity;1.28E-05;98;invscaling;693;lbfgs;1;0
0.766233766;tanh;0.020695462;86;adaptive;747;adam;1;0
0.75974026;relu;0.011666427;4;invscaling;128;lbfgs;1;0
0.74025974;relu;0.003540297;10;invscaling;684;lbfgs;1;0
0.753246753;identity;2.28E-05;55;adaptive;482;lbfgs;1;0
0.675324675;relu;0.001709603;37;adaptive;898;lbfgs;1;0
0.357142857;logistic;0.000267474;53;invscaling;423;sgd;1;0
0.766233766;tanh;0.015029663;34;adaptive;632;sgd;1;0
0.75974026;identity;1.50E-05;64;constant;705;adam;1;0
0.688311688;relu;0.003972935;97;adaptive;489;lbfgs;1;0
0.75974026;tanh;5.41E-05;72;adaptive;923;sgd;1;0
0.642857143;logistic;0.000177952;92;invscaling;305;sgd;1;0
0.733766234;identity;6.17E-05;87;constant;414;sgd;1;0
0.681818182;tanh;0.000293413;89;invscaling;481;lbfgs;1;0
0.766233766;identity;0.000290511;94;constant;267;sgd;1;0
0.733766234;tanh;0.046003691;98;invscaling;446;adam;1;0
0.714285714;tanh;0.000219247;12;constant;294;lbfgs;1;0
0.357142857;logistic;0.006101457;25;invscaling;967;sgd;1;0
0.487012987;identity;0.001130032;25;invscaling;637;sgd;1;0
0.766233766;tanh;0.000431577;18;adaptive;981;adam;1;0
0.753246753;tanh;0.00140497;24;adaptive;614;adam;1;0
0.75974026;relu;0.008523698;94;adaptive;725;sgd;1;0
0.746753247;logistic;0.003139669;83;adaptive;682;adam;1;0
0.753246753;identity;0.017749099;38;invscaling;522;lbfgs;1;0
0.655844156;tanh;0.002132754;29;adaptive;246;lbfgs;1;0
0.688311688;relu;0.058889007;62;invscaling;995;lbfgs;1;0
0.681818182;tanh;4.56E-05;47;adaptive;738;lbfgs;1;0
0.74025974;logistic;2.21E-05;85;adaptive;964;adam;1;0
0.746753247;identity;1.88E-05;62;constant;248;adam;1;0
0.766233766;tanh;0.000267995;93;invscaling;392;adam;1;0
0.772727273;identity;1.94E-05;36;invscaling;783;adam;1;0
0.75974026;identity;0.004835062;21;adaptive;846;adam;1;0
0.75974026;tanh;8.07E-05;66;invscaling;929;adam;1;0
0.714285714;logistic;0.000212343;7;adaptive;708;lbfgs;1;0
0.766233766;relu;0.001015586;18;constant;446;adam;1;0
0.753246753;identity;0.000685034;30;invscaling;506;adam;1;0
0.753246753;relu;6.99E-05;45;constant;477;sgd;1;0
0.753246753;identity;0.090131269;2;constant;846;lbfgs;1;0
0.727272727;logistic;0.000180991;77;invscaling;399;adam;1;0
0.642857143;logistic;0.017597963;30;constant;234;sgd;1;0
0.75974026;tanh;0.002196175;91;invscaling;306;adam;1;0
0.668831169;relu;0.00200444;55;adaptive;549;lbfgs;1;0
0.714285714;relu;0.002327025;13;constant;263;lbfgs;1;0
0.376623377;tanh;0.012829814;27;invscaling;525;sgd;1;0
0.753246753;tanh;0.037632438;74;constant;798;sgd;1;0
0.75974026;tanh;0.004776156;48;constant;548;sgd;1;0
0.61038961;tanh;0.014594994;48;invscaling;661;lbfgs;1;0
0.772727273;identity;2.23E-05;79;adaptive;103;adam;1;0
0.733766234;logistic;2.40E-05;19;constant;437;adam;1;0
0.74025974;identity;0.005563239;73;constant;168;sgd;1;0
0.720779221;logistic;0.004866778;41;invscaling;575;adam;1;0
0.662337662;logistic;0.003453398;34;constant;503;lbfgs;1;0
0.636363636;tanh;0.024493424;35;constant;139;lbfgs;1;0
0.753246753;identity;0.005422761;34;invscaling;826;lbfgs;1;0
0.655844156;tanh;0.00755009;96;invscaling;695;sgd;1;0
0.357142857;tanh;0.001227089;20;invscaling;215;sgd;1;0
0.75974026;relu;0.069806125;67;constant;715;adam;1;0
0.766233766;logistic;0.030162261;38;adaptive;455;adam;1;0
0.733766234;identity;0.014419553;95;adaptive;328;sgd;1;0
0.727272727;relu;0.000665612;15;constant;894;adam;1;0
0.422077922;relu;0.008648725;3;invscaling;728;sgd;1;0
0.681818182;tanh;9.22E-05;59;invscaling;152;lbfgs;1;0
0.363636364;tanh;3.05E-05;32;invscaling;325;sgd;1;0
0.779220779;identity;1.15E-05;99;constant;660;adam;1;0
0.623376623;tanh;1.00E-05;79;adaptive;409;lbfgs;1;0
0.558441558;tanh;0.001408608;49;invscaling;338;sgd;1;0
0.753246753;logistic;0.001820207;30;adaptive;758;sgd;1;0
0.74025974;relu;0.000618366;49;invscaling;412;adam;1;0
0.655844156;identity;0.000196832;6;invscaling;832;sgd;1;0
0.753246753;tanh;0.006550106;74;adaptive;362;sgd;1;0
0.753246753;relu;0.002365297;85;adaptive;627;sgd;1;0
0.688311688;tanh;0.080665652;26;invscaling;267;lbfgs;1;0
0.701298701;tanh;0.019177745;55;adaptive;725;lbfgs;1;0
0.766233766;tanh;0.000170594;61;constant;450;sgd;1;0
0.720779221;relu;0.001724084;100;adaptive;715;adam;1;0
0.772727273;identity;0.000154909;15;adaptive;962;sgd;1;0
0.642857143;logistic;3.65E-05;4;constant;447;sgd;1;0
0.694805195;identity;1.24E-05;44;invscaling;362;sgd;1;0
0.766233766;tanh;0.014236709;28;adaptive;468;sgd;1;0
0.636363636;relu;0.029729531;44;constant;115;lbfgs;1;0
0.74025974;tanh;0.000973963;52;constant;409;adam;1;0
0.779220779;logistic;0.018327539;41;adaptive;456;sgd;1;0
0.772727273;logistic;0.000881454;91;adaptive;682;sgd;1;0
0.681818182;tanh;0.000135552;37;constant;338;lbfgs;1;0
0.766233766;logistic;0.051136023;95;adaptive;647;adam;1;0
0.753246753;identity;0.002394745;44;adaptive;294;lbfgs;1;0
0.616883117;tanh;9.22E-05;22;constant;771;lbfgs;1;0
0.668831169;logistic;0.00017563;48;invscaling;871;lbfgs;1;0
0.766233766;tanh;1.34E-05;74;invscaling;208;adam;1;0
0.636363636;tanh;0.000294576;70;adaptive;286;lbfgs;1;0
0.733766234;identity;0.001209154;2;invscaling;871;adam;1;0
0.688311688;logistic;0.000261579;83;constant;510;lbfgs;1;0
0.753246753;identity;0.001094854;80;invscaling;622;lbfgs;1;0
0.753246753;logistic;3.64E-05;96;constant;732;adam;1;0
0.733766234;tanh;0.051744293;3;adaptive;990;adam;1;0
0.668831169;relu;0.001881939;24;constant;267;lbfgs;1;0
0.772727273;identity;0.000106192;50;constant;929;sgd;1;0
0.727272727;relu;0.036387751;46;constant;739;adam;1;0
0.753246753;tanh;0.044305972;37;adaptive;321;adam;1;0
0.753246753;identity;0.000174867;41;invscaling;307;lbfgs;1;0
0.746753247;relu;0.000595611;79;constant;866;sgd;1;0
0.74025974;logistic;0.00107271;3;constant;903;adam;1;0
0.746753247;tanh;0.00097249;88;adaptive;712;adam;1;0
0.753246753;identity;1.97E-05;17;constant;177;lbfgs;1;0
0.74025974;identity;8.22E-05;2;constant;325;adam;1;0
0.636363636;tanh;0.000113932;86;constant;380;lbfgs;1;0
0.662337662;logistic;6.03E-05;42;adaptive;675;lbfgs;1;0
0.753246753;identity;0.075995503;72;constant;479;lbfgs;1;0
0.655844156;logistic;1.53E-05;11;adaptive;252;lbfgs;1;0
0.753246753;tanh;5.46E-05;85;constant;688;adam;1;0
0.779220779;logistic;4.93E-05;61;adaptive;272;adam;1;0
0.75974026;tanh;0.003613963;57;constant;904;sgd;1;0
0.753246753;tanh;0.000101358;15;adaptive;467;sgd;1;0
0.753246753;identity;0.037054358;76;adaptive;361;lbfgs;1;0
0.681818182;logistic;2.28E-05;47;adaptive;227;lbfgs;1;0
0.727272727;relu;0.00244684;2;constant;758;adam;1;0
0.746753247;tanh;0.000829253;45;invscaling;549;adam;1;0
0.694805195;tanh;0.009711093;49;adaptive;268;lbfgs;1;0
0.642857143;logistic;0.001159313;9;adaptive;147;sgd;1;0
0.753246753;identity;0.00049274;46;constant;833;sgd;1;0
0.636363636;logistic;0.075944363;39;invscaling;887;lbfgs;1;0
0.688311688;relu;0.021725189;88;constant;803;lbfgs;1;0
0.675324675;logistic;1.31E-05;62;constant;244;sgd;1;0
0.746753247;logistic;0.038232539;42;invscaling;635;adam;1;0
0.694805195;relu;0.010034654;25;adaptive;904;lbfgs;1;0
0.766233766;logistic;9.24E-05;25;constant;852;adam;1;0
0.636363636;tanh;0.000228703;25;constant;779;lbfgs;1;0
0.746753247;identity;0.005689706;19;adaptive;910;adam;1;0
0.655844156;tanh;0.0001468;97;constant;320;lbfgs;1;0
0.75974026;relu;0.00058719;94;adaptive;865;sgd;1;0
0.74025974;identity;0.007721526;3;adaptive;862;sgd;1;0
0.655844156;logistic;1.49E-05;27;invscaling;536;lbfgs;1;0
0.616883117;identity;0.000104125;24;invscaling;802;sgd;1;0
0.753246753;identity;0.002703942;52;adaptive;376;lbfgs;1;0
0.772727273;logistic;3.52E-05;91;constant;688;sgd;1;0
0.753246753;tanh;0.00233719;16;constant;690;adam;1;0
0.779220779;logistic;0.069896056;99;adaptive;183;adam;1;0
0.74025974;logistic;0.000162477;80;constant;636;adam;1;0
0.746753247;identity;3.65E-05;82;constant;825;sgd;1;0
0.642857143;logistic;1.48E-05;84;adaptive;110;sgd;1;0
0.668831169;relu;0.002231482;13;invscaling;830;lbfgs;1;0
0.746753247;tanh;0.003337486;2;constant;258;lbfgs;1;0
0.733766234;relu;6.60E-05;31;adaptive;919;adam;1;0
0.694805195;logistic;0.001445478;70;constant;888;lbfgs;1;0
0.74025974;tanh;0.016939687;15;invscaling;762;adam;1;0
0.75974026;tanh;0.001964512;48;adaptive;713;sgd;1;0
0.642857143;logistic;0.000126338;72;adaptive;199;sgd;1;0
0.772727273;logistic;0.004555116;60;adaptive;432;adam;1;0
0.785714286;relu;0.000130252;8;adaptive;725;sgd;1;0
0.75974026;relu;0.000218434;49;constant;979;sgd;1;0
0.324675325;identity;0.017186377;16;invscaling;586;sgd;1;0
0.733766234;tanh;0.025748978;96;invscaling;684;adam;1;0
0.746753247;relu;0.005477717;79;adaptive;541;sgd;1;0
0.766233766;tanh;0.000365423;72;constant;395;adam;1;0
0.681818182;identity;0.000498313;85;invscaling;887;sgd;1;0
0.642857143;logistic;8.98E-05;68;invscaling;861;lbfgs;1;0
0.75974026;logistic;1.54E-05;26;constant;247;adam;1;0
0.675324675;tanh;0.00519468;71;invscaling;680;lbfgs;1;0
0.766233766;relu;2.81E-05;85;constant;634;adam;1;0
0.733766234;logistic;3.30E-05;32;constant;950;adam;1;0
0.75974026;tanh;0.049761958;20;adaptive;398;adam;1;0
0.772727273;tanh;7.05E-05;37;constant;994;sgd;1;0
0.746753247;tanh;0.003787428;92;adaptive;997;adam;1;0
0.701298701;identity;0.006058458;1;constant;204;adam;1;0
0.642857143;logistic;0.010601549;32;invscaling;535;sgd;1;0
0.746753247;identity;0.034446943;22;constant;662;adam;1;0
0.746753247;tanh;4.56E-05;60;invscaling;412;adam;1;0
0.772727273;relu;0.007291914;39;adaptive;628;sgd;1;0
0.753246753;relu;0.003774709;55;constant;578;adam;1;0
0.649350649;logistic;0.006178765;44;constant;278;lbfgs;1;0
0.733766234;identity;4.11E-05;21;adaptive;690;sgd;1;0
0.681818182;logistic;0.001551614;70;invscaling;633;lbfgs;1;0
0.746753247;logistic;0.003041108;14;constant;727;adam;1;0
0.766233766;tanh;0.000252089;70;invscaling;822;adam;1;0
0.746753247;identity;2.02E-05;74;invscaling;594;adam;1;0
0.62987013;tanh;1.12E-05;18;adaptive;210;lbfgs;1;0
0.75974026;relu;0.006826601;77;constant;141;adam;1;0
0.746753247;tanh;1.58E-05;21;invscaling;125;adam;1;0
0.746753247;relu;0.028488435;11;constant;571;adam;1;0
0.753246753;logistic;0.008034933;96;invscaling;580;adam;1;0
0.662337662;tanh;0.00695097;44;invscaling;782;lbfgs;1;0
0.753246753;relu;0.002396294;36;invscaling;740;adam;1;1
0.766233766;relu;4.63E-05;80;constant;877;sgd;1;1
0.753246753;relu;0.002293072;40;invscaling;212;adam;1;1
0.746753247;identity;0.05759462;52;constant;551;sgd;1;1
0.448051948;tanh;0.010145522;86;invscaling;447;sgd;1;1
0.75974026;logistic;0.011351067;70;invscaling;173;adam;1;1
0.623376623;identity;0.000482486;58;invscaling;467;sgd;1;1
0.701298701;tanh;0.013719756;95;adaptive;938;lbfgs;1;1
0.746753247;tanh;0.003344285;90;adaptive;564;sgd;1;1
0.779220779;logistic;0.000435334;53;constant;200;adam;1;1
0.772727273;tanh;0.033539578;58;constant;704;sgd;1;1
0.772727273;logistic;1.64E-05;29;adaptive;492;adam;1;1
0.707792208;relu;5.36E-05;13;adaptive;954;lbfgs;1;1
0.75974026;logistic;0.000269578;61;constant;858;sgd;1;1
0.746753247;tanh;0.001098228;77;adaptive;358;adam;1;1
0.701298701;relu;1.87E-05;12;invscaling;303;lbfgs;1;1
0.75974026;identity;0.002592503;11;adaptive;643;adam;1;1
0.75974026;identity;0.041221394;55;invscaling;142;adam;1;1
0.753246753;logistic;0.001608553;94;adaptive;677;sgd;1;1
0.753246753;identity;0.001509845;66;adaptive;710;lbfgs;1;1
0.642857143;logistic;3.74E-05;5;adaptive;239;sgd;1;1
0.662337662;relu;0.066340656;32;invscaling;552;lbfgs;1;1
0.746753247;identity;0.001000348;74;adaptive;450;adam;1;1
0.714285714;tanh;0.023987161;47;adaptive;497;lbfgs;1;1
0.675324675;relu;0.009492138;35;invscaling;968;lbfgs;1;1
0.75974026;relu;3.90E-05;8;adaptive;381;adam;1;1
0.62987013;tanh;1.17E-05;35;adaptive;696;lbfgs;1;1
0.766233766;tanh;0.032883124;62;constant;426;adam;1;1
0.733766234;relu;0.004306013;83;constant;904;sgd;1;1
0.688311688;relu;7.75E-05;27;constant;653;lbfgs;1;1
0.746753247;relu;0.025435046;59;invscaling;234;adam;1;1
0.753246753;relu;2.87E-05;61;adaptive;451;adam;1;1
0.746753247;identity;4.23E-05;85;constant;592;adam;1;1
0.75974026;relu;8.99E-05;86;invscaling;427;adam;1;1
0.668831169;logistic;0.005715857;20;invscaling;532;lbfgs;1;1
0.649350649;logistic;8.44E-05;37;invscaling;598;lbfgs;1;1
0.74025974;tanh;0.043982946;28;constant;708;adam;1;1
0.74025974;identity;0.021712627;3;invscaling;516;adam;1;1
0.746753247;identity;0.006179462;31;adaptive;985;sgd;1;1
0.74025974;identity;0.000362272;36;constant;499;adam;1;1
0.753246753;tanh;0.005826704;68;constant;171;sgd;1;1
0.753246753;logistic;0.000556892;8;invscaling;832;adam;1;1
0.753246753;tanh;0.00018939;48;invscaling;871;adam;1;1
0.766233766;tanh;0.00179001;17;constant;956;adam;1;1
0.753246753;identity;0.001293981;24;invscaling;369;adam;1;1
0.668831169;logistic;0.027629478;80;constant;273;lbfgs;1;1
0.733766234;identity;0.014916229;82;adaptive;204;adam;1;1
0.75974026;identity;0.096693934;40;constant;176;sgd;1;1
0.772727273;logistic;5.92E-05;69;adaptive;757;sgd;1;1
0.746753247;identity;3.07E-05;71;constant;913;sgd;1;1
0.532467532;identity;0.095285699;38;invscaling;281;sgd;1;1
0.668831169;tanh;0.000176244;72;invscaling;841;lbfgs;1;1
0.714285714;relu;0.00246627;92;adaptive;304;adam;1;1
0.74025974;tanh;3.79E-05;39;invscaling;342;adam;1;1
0.753246753;identity;0.056733024;73;invscaling;462;lbfgs;1;1
0.714285714;tanh;0.007018079;92;constant;415;lbfgs;1;1
0.785714286;relu;2.47E-05;41;constant;246;sgd;1;1
0.512987013;logistic;0.000142866;17;invscaling;222;sgd;1;1
0.766233766;identity;0.006026069;73;constant;749;sgd;1;1
0.766233766;tanh;0.074379823;9;adaptive;803;sgd;1;1
0.753246753;identity;0.064007077;58;invscaling;462;lbfgs;1;1
0.668831169;relu;3.72E-05;59;invscaling;656;lbfgs;1;1
0.753246753;identity;7.06E-05;32;constant;691;lbfgs;1;1
0.396103896;relu;0.050271911;95;invscaling;668;sgd;1;1
0.753246753;relu;2.42E-05;99;adaptive;959;adam;1;1
0.688311688;relu;0.01777464;72;invscaling;353;lbfgs;1;1
0.642857143;logistic;0.000409531;94;invscaling;897;sgd;1;1
0.642857143;logistic;0.002517894;78;adaptive;193;sgd;1;1
0.772727273;relu;0.000417227;64;constant;868;sgd;1;1
0.74025974;logistic;0.032641393;40;invscaling;959;adam;1;1
0.74025974;logistic;2.55E-05;95;adaptive;175;adam;1;1
0.344155844;logistic;0.000915578;78;invscaling;245;sgd;1;1
0.733766234;identity;0.000183428;68;adaptive;422;adam;1;1
0.753246753;identity;0.054548159;46;adaptive;635;lbfgs;1;1
0.688311688;logistic;3.24E-05;11;adaptive;957;lbfgs;1;1
0.75974026;identity;0.007749721;56;constant;912;sgd;1;1
0.746753247;tanh;0.000700895;92;constant;207;sgd;1;1
0.655844156;logistic;0.000236733;96;adaptive;925;lbfgs;1;1
0.75974026;relu;3.52E-05;99;constant;707;adam;1;1
0.733766234;identity;1.43E-05;56;adaptive;685;adam;1;1
0.779220779;logistic;0.058134771;44;adaptive;297;adam;1;1
0.655844156;logistic;0.01078493;43;constant;198;lbfgs;1;1
0.720779221;relu;0.052495329;34;adaptive;360;adam;1;1
0.746753247;identity;0.000415286;81;invscaling;298;adam;1;1
0.487012987;identity;0.000769338;67;invscaling;414;sgd;1;1
0.766233766;relu;0.000197275;2;constant;923;lbfgs;1;1
0.753246753;identity;0.001781888;20;adaptive;774;lbfgs;1;1
0.772727273;identity;0.012398386;79;adaptive;937;adam;1;1
0.74025974;tanh;0.00735667;32;adaptive;815;sgd;1;1
0.766233766;relu;0.003881702;85;constant;855;adam;1;1
0.772727273;relu;0.007630945;30;constant;263;adam;1;1
0.415584416;tanh;0.023162918;11;invscaling;874;sgd;1;1
0.746753247;tanh;0.015110968;70;adaptive;781;sgd;1;1
0.766233766;relu;0.076198637;22;constant;405;adam;1;1
0.590909091;tanh;0.000339433;90;invscaling;865;sgd;1;1
0.74025974;logistic;3.19E-05;16;adaptive;548;adam;1;1
0.720779221;relu;0.094901239;50;invscaling;404;lbfgs;1;1
0.733766234;logistic;4.67E-05;49;invscaling;639;adam;1;1
0.642857143;logistic;0.000889458;93;invscaling;573;sgd;1;1
0.746753247;logistic;0.020006808;2;adaptive;705;adam;1;1
0.649350649;tanh;0.000608013;48;invscaling;748;lbfgs;1;1
0.746753247;identity;0.00012444;92;constant;814;sgd;1;1
0.74025974;logistic;0.000186687;31;invscaling;582;adam;1;1
0.753246753;identity;1.89E-05;55;invscaling;741;lbfgs;1;1
0.454545455;tanh;0.025358793;13;invscaling;460;sgd;1;1
0.74025974;relu;0.000710142;96;invscaling;647;adam;1;1
0.779220779;logistic;0.000180004;98;constant;815;sgd;1;1
0.74025974;logistic;0.000206574;56;invscaling;925;adam;1;1
0.694805195;relu;0.002748221;64;constant;974;lbfgs;1;1
0.766233766;tanh;0.007097849;56;adaptive;274;adam;1;1
0.746753247;logistic;0.05246304;47;adaptive;141;adam;1;1
0.753246753;tanh;0.00027047;46;constant;950;adam;1;1
0.75974026;logistic;0.020937906;3;adaptive;760;adam;1;1
0.662337662;tanh;0.000243719;34;invscaling;765;lbfgs;1;1
0.623376623;tanh;0.001115127;17;adaptive;706;lbfgs;1;1
0.642857143;logistic;0.000586729;27;constant;231;sgd;1;1
0.746753247;relu;0.000260941;16;invscaling;671;adam;1;1
0.753246753;identity;0.001313101;73;constant;941;lbfgs;1;1
0.766233766;logistic;0.000247209;59;constant;622;sgd;1;1
0.357142857;tanh;3.16E-05;100;invscaling;416;sgd;1;1
0.597402597;logistic;0.03734762;15;invscaling;406;sgd;1;1
0.675324675;relu;0.00022922;36;constant;382;lbfgs;1;1
0.766233766;logistic;0.0175249;34;adaptive;637;sgd;1;1
0.668831169;logistic;0.000994693;68;constant;930;lbfgs;1;1
0.74025974;relu;0.001768929;67;constant;543;adam;1;1
0.727272727;logistic;1.84E-05;2;invscaling;363;lbfgs;1;1
0.753246753;identity;0.004902053;42;constant;265;sgd;1;1
0.766233766;tanh;6.26E-05;40;invscaling;943;adam;1;1
0.675324675;tanh;0.000218625;75;adaptive;963;lbfgs;1;1
0.694805195;relu;0.000672856;55;adaptive;191;lbfgs;1;1
0.714285714;relu;0.007470715;5;constant;957;adam;1;1
0.746753247;logistic;0.011728208;83;adaptive;586;sgd;1;1
0.681818182;relu;0.070518963;85;constant;678;lbfgs;1;1
0.753246753;identity;0.027610421;42;adaptive;764;lbfgs;1;1
0.727272727;logistic;0.000282135;85;adaptive;283;sgd;1;1
0.75974026;identity;0.01097485;17;adaptive;714;adam;1;1
0.766233766;relu;5.60E-05;58;constant;809;adam;1;1
0.766233766;tanh;0.000148236;89;adaptive;237;sgd;1;1
0.655844156;relu;0.004910668;98;adaptive;443;lbfgs;1;1
0.733766234;logistic;0.005061394;68;adaptive;417;sgd;1;1
0.746753247;logistic;0.000252509;79;constant;448;sgd;1;1
0.746753247;logistic;0.024749475;85;invscaling;205;adam;1;1
0.766233766;logistic;0.005543271;8;invscaling;151;adam;1;1
0.733766234;relu;0.000295924;20;invscaling;706;adam;1;1
0.720779221;relu;1.45E-05;92;invscaling;674;adam;1;1
0.74025974;tanh;0.000869837;25;invscaling;200;lbfgs;1;1
0.733766234;logistic;0.001706051;49;adaptive;189;adam;1;1
0.798701299;logistic;9.77E-05;73;constant;906;sgd;1;1
0.694805195;tanh;0.005192431;71;constant;744;lbfgs;1;1
0.532467532;identity;0.009873198;38;invscaling;302;sgd;1;1
0.74025974;identity;7.00E-05;36;adaptive;628;adam;1;1
0.753246753;relu;1.96E-05;9;adaptive;649;sgd;1;1
0.727272727;tanh;0.000324061;3;invscaling;701;lbfgs;1;1
0.681818182;tanh;0.093332598;45;invscaling;408;lbfgs;1;1
0.75974026;logistic;0.037209695;56;adaptive;530;sgd;1;1
0.707792208;relu;0.000947675;18;adaptive;272;lbfgs;1;1
0.655844156;relu;0.00116802;23;constant;717;lbfgs;1;1
0.75974026;logistic;0.000317093;100;adaptive;913;adam;1;1
0.766233766;identity;0.000541696;60;adaptive;645;sgd;1;1
0.766233766;identity;0.045520878;1;constant;951;sgd;1;1
0.701298701;logistic;0.012294593;92;invscaling;588;lbfgs;1;1
0.75974026;identity;1.68E-05;13;adaptive;452;sgd;1;1
0.733766234;logistic;0.021864836;93;invscaling;892;adam;1;1
0.701298701;tanh;0.000102685;20;adaptive;745;lbfgs;1;1
0.642857143;logistic;0.000222034;57;adaptive;410;lbfgs;1;1
0.753246753;identity;0.002434401;21;constant;707;adam;1;1
0.681818182;logistic;0.002018783;10;constant;355;lbfgs;1;1
0.688311688;logistic;0.072542077;47;adaptive;337;lbfgs;1;1
0.694805195;relu;0.053793468;49;invscaling;860;lbfgs;1;1
0.668831169;relu;0.00957084;39;constant;651;lbfgs;1;1
0.642857143;logistic;1.13E-05;26;constant;148;sgd;1;1
0.597402597;identity;0.00033572;94;invscaling;759;sgd;1;1
0.675324675;relu;0.024297555;100;invscaling;898;lbfgs;1;1
0.785714286;identity;5.95E-05;3;constant;978;sgd;1;1
0.681818182;logistic;1.12E-05;52;adaptive;972;lbfgs;1;1
0.792207792;relu;0.003309856;4;adaptive;976;sgd;1;1
0.746753247;identity;0.000739851;31;adaptive;526;sgd;1;1
0.714285714;relu;0.000960665;34;invscaling;767;adam;1;1
0.649350649;logistic;0.059051076;82;constant;540;lbfgs;1;1
0.707792208;relu;3.93E-05;10;constant;900;lbfgs;1;1
0.675324675;logistic;2.93E-05;73;invscaling;447;lbfgs;1;1
0.766233766;identity;1.86E-05;60;adaptive;798;sgd;1;1
0.74025974;logistic;0.001601374;26;adaptive;450;adam;1;1
0.785714286;logistic;0.000173231;54;constant;214;adam;1;1
0.675324675;tanh;1.38E-05;75;invscaling;584;lbfgs;1;1
0.746753247;relu;0.006798856;46;adaptive;832;adam;1;1
0.75974026;relu;2.18E-05;93;constant;311;adam;1;1
0.506493506;tanh;1.98E-05;59;invscaling;866;sgd;1;1
0.714285714;logistic;3.08E-05;39;constant;930;lbfgs;1;1
0.746753247;identity;0.000307773;30;invscaling;200;adam;1;1
0.688311688;tanh;0.015965966;77;constant;623;lbfgs;1;1
0.746753247;identity;0.003608724;71;adaptive;253;adam;1;1
0.766233766;tanh;0.00190051;64;constant;249;sgd;1;1
0.779220779;logistic;1.12E-05;53;constant;422;adam;1;1
0.727272727;relu;0.05200666;3;constant;860;sgd;1;1
0.701298701;relu;0.002870838;8;constant;111;lbfgs;1;1
0.720779221;tanh;7.24E-05;100;constant;846;lbfgs;1;1
0.454545455;tanh;2.64E-05;13;invscaling;225;sgd;1;1
0.779220779;relu;0.000857402;48;adaptive;295;sgd;1;1
0.74025974;identity;0.000903718;37;invscaling;610;sgd;1;1
0.746753247;logistic;0.077629692;76;constant;588;sgd;1;1
0.753246753;relu;0.000975557;46;adaptive;203;adam;1;1
0.655844156;tanh;0.000268138;48;constant;349;lbfgs;1;1
0.74025974;logistic;8.22E-05;16;invscaling;851;adam;1;1
0.623376623;identity;0.013360492;58;invscaling;703;sgd;1;1
0.753246753;identity;0.015673153;93;constant;456;sgd;1;1
0.74025974;logistic;0.000219729;95;constant;922;adam;1;1
0.688311688;tanh;0.040688967;65;constant;349;lbfgs;1;1
0.746753247;identity;2.41E-05;23;adaptive;580;sgd;1;1
0.766233766;identity;0.031962561;45;adaptive;104;sgd;1;1
0.75974026;relu;0.004191318;9;constant;224;adam;1;1
0.74025974;logistic;1.35E-05;28;invscaling;625;adam;1;1
0.766233766;logistic;2.79E-05;90;adaptive;344;adam;1;1
0.74025974;tanh;0.089164847;67;constant;223;adam;1;1
0.779220779;relu;0.043983103;94;adaptive;645;sgd;1;1
0.746753247;relu;0.00013461;43;constant;721;adam;1;1
0.766233766;identity;0.089658061;57;constant;919;adam;1;1
0.74025974;tanh;0.003957303;21;constant;577;lbfgs;1;1
0.681818182;relu;0.00389692;54;constant;324;lbfgs;1;1
0.753246753;identity;0.037061159;80;invscaling;671;adam;1;1
0.74025974;relu;0.003066718;15;constant;626;sgd;1;1
0.792207792;relu;5.05E-05;21;invscaling;206;adam;1;1
0.753246753;identity;0.001640338;35;adaptive;189;lbfgs;1;1
0.772727273;relu;0.095347592;46;constant;852;adam;1;1
0.551948052;tanh;1.76E-05;94;invscaling;882;sgd;1;1
0.753246753;identity;3.33E-05;63;invscaling;135;lbfgs;1;1
0.766233766;identity;0.002667534;40;constant;543;adam;1;1
0.707792208;tanh;0.0642575;1;invscaling;632;adam;1;1
0.753246753;identity;0.000195784;78;adaptive;594;adam;1;1
0.766233766;relu;1.64E-05;65;adaptive;503;adam;1;1
0.675324675;tanh;0.088771693;83;adaptive;685;lbfgs;1;1
0.733766234;identity;0.00820858;56;invscaling;867;adam;1;1
0.681818182;tanh;1.74E-05;36;adaptive;862;lbfgs;1;1
0.733766234;logistic;0.000719582;74;constant;850;adam;1;1
0.753246753;identity;0.010449349;88;invscaling;352;lbfgs;1;1
0.746753247;tanh;0.085572903;42;constant;914;sgd;1;1
0.75974026;tanh;0.000123969;22;constant;361;sgd;1;1
0.642857143;logistic;0.000800064;50;adaptive;467;lbfgs;1;1
0.376623377;relu;0.000508423;80;invscaling;553;sgd;1;1
0.675324675;logistic;0.024948249;77;invscaling;669;lbfgs;1;1
0.688311688;logistic;0.030243198;74;constant;880;lbfgs;1;1
0.753246753;identity;0.00819657;7;adaptive;298;lbfgs;1;1
0.753246753;identity;0.011809795;100;invscaling;338;lbfgs;1;1
0.75974026;tanh;0.024734049;29;invscaling;186;adam;1;1
0.779220779;identity;1.84E-05;64;invscaling;124;adam;1;1
0.603896104;relu;0.004558632;77;invscaling;467;sgd;1;1
0.772727273;relu;0.000342264;71;adaptive;689;sgd;1;1
0.75974026;identity;3.67E-05;87;constant;615;adam;1;1
0.785714286;relu;0.012042185;65;adaptive;274;sgd;1;1
0.714285714;tanh;3.10E-05;8;invscaling;762;lbfgs;1;1
0.753246753;identity;0.000273949;31;constant;277;lbfgs;1;1
0.772727273;logistic;0.001304025;50;adaptive;532;sgd;1;1
0.766233766;logistic;0.026129375;22;invscaling;147;adam;1;1
0.688311688;logistic;0.009221011;98;invscaling;818;lbfgs;1;1
0.772727273;tanh;0.040816813;53;constant;179;adam;1;1
0.603896104;tanh;0.000327247;46;invscaling;289;sgd;1;1
0.720779221;relu;0.017751922;53;invscaling;991;adam;1;1
0.753246753;identity;0.002774878;47;adaptive;393;sgd;1;1
0.603896104;logistic;3.62E-05;54;invscaling;504;lbfgs;1;1
0.746753247;tanh;7.16E-05;97;adaptive;524;sgd;1;1
0.746753247;tanh;7.60E-05;19;invscaling;205;adam;1;1
0.662337662;logistic;0.000218758;33;constant;514;lbfgs;1;1
0.675324675;tanh;0.00539484;59;adaptive;776;lbfgs;1;1
0.694805195;tanh;0.015662124;52;invscaling;842;lbfgs;1;1
0.701298701;tanh;0.000120609;85;invscaling;479;lbfgs;1;1
0.409090909;relu;0.045201694;82;invscaling;528;sgd;1;1
0.694805195;tanh;0.000363474;56;invscaling;493;lbfgs;1;1
0.75974026;tanh;0.001430936;89;adaptive;899;adam;1;1
0.753246753;identity;0.000109677;16;constant;424;lbfgs;1;1
0.642857143;logistic;0.008270902;43;constant;323;lbfgs;1;1
0.74025974;relu;1.02E-05;77;adaptive;972;sgd;1;1
0.753246753;tanh;4.47E-05;48;adaptive;829;adam;1;1
0.675324675;relu;3.05E-05;35;invscaling;821;lbfgs;1;1
0.753246753;identity;0.000992354;95;constant;616;lbfgs;1;1
0.75974026;identity;0.000516574;93;constant;430;adam;1;1
0.753246753;identity;0.026570626;39;adaptive;728;lbfgs;1;1
0.772727273;logistic;0.000106271;72;adaptive;683;sgd;1;1
0.714285714;logistic;0.049176798;12;adaptive;635;lbfgs;1;1
0.753246753;identity;0.062003414;37;invscaling;414;adam;1;1
0.753246753;relu;1.69E-05;26;invscaling;338;adam;1;1
0.753246753;identity;1.17E-05;19;adaptive;690;sgd;1;1
0.733766234;tanh;4.58E-05;78;constant;906;sgd;1;1
0.38961039;relu;9.25E-05;42;invscaling;582;sgd;1;1
0.772727273;relu;0.031692955;64;constant;265;sgd;1;1
0.753246753;identity;0.000227062;39;constant;422;sgd;1;1
0.753246753;identity;0.000479024;40;adaptive;856;lbfgs;1;1
0.74025974;tanh;9.42E-05;76;constant;994;sgd;1;1
0.363636364;tanh;0.001106756;26;invscaling;779;sgd;1;1
0.480519481;relu;0.000469612;79;invscaling;245;sgd;1;1
0.772727273;logistic;0.000126954;50;constant;627;sgd;1;1
0.649350649;tanh;2.10E-05;63;invscaling;702;lbfgs;1;1
0.753246753;identity;1.59E-05;92;constant;314;lbfgs;1;1
0.753246753;identity;0.000339444;33;adaptive;105;lbfgs;1;1
0.785714286;relu;0.003286652;21;invscaling;976;adam;1;1
0.753246753;logistic;0.000431295;26;constant;507;sgd;1;1
0.694805195;relu;0.000374094;92;constant;363;lbfgs;1;1
0.662337662;relu;0.000120108;18;invscaling;770;lbfgs;1;1
0.454545455;tanh;0.001734603;41;invscaling;639;sgd;1;1
0.558441558;relu;4.02E-05;8;invscaling;674;sgd;1;1
0.75974026;logistic;0.032297583;86;adaptive;415;adam;1;1
0.772727273;tanh;1.12E-05;55;constant;258;sgd;1;1
0.746753247;tanh;0.00081436;28;adaptive;801;adam;1;1
0.480519481;relu;0.004555993;44;invscaling;965;sgd;1;1
0.753246753;logistic;2.79E-05;63;adaptive;332;adam;1;1
0.753246753;logistic;4.97E-05;92;invscaling;217;adam;1;1
0.571428571;identity;0.012508058;70;invscaling;893;sgd;1;1
0.753246753;logistic;0.000343513;55;adaptive;967;adam;1;1
0.688311688;relu;0.004932134;29;adaptive;356;lbfgs;1;1
0.75974026;logistic;0.006164659;7;adaptive;672;sgd;1;1
0.753246753;identity;0.00233701;84;adaptive;958;lbfgs;1;1
0.75974026;identity;0.030327449;9;invscaling;113;adam;1;1
0.746753247;logistic;0.000212659;67;constant;249;adam;1;1
0.746753247;tanh;0.006261202;87;adaptive;809;sgd;1;1
0.675324675;tanh;0.000179875;55;adaptive;213;lbfgs;1;1
0.662337662;logistic;2.20E-05;14;invscaling;242;lbfgs;1;1
0.5;tanh;4.10E-05;27;invscaling;510;sgd;1;1
0.772727273;logistic;0.000398032;35;adaptive;476;adam;1;1
0.753246753;identity;6.36E-05;2;adaptive;154;lbfgs;1;1
0.753246753;tanh;0.000454774;3;constant;242;adam;1;1
0.766233766;relu;1.94E-05;75;adaptive;264;sgd;1;1
0.779220779;logistic;0.013324936;54;invscaling;585;adam;1;1
0.668831169;tanh;0.015734024;21;constant;417;lbfgs;1;1
0.772727273;logistic;0.020080465;12;invscaling;869;adam;1;1
0.74025974;identity;0.003473029;61;adaptive;960;adam;1;1
0.668831169;tanh;0.013058927;37;constant;452;lbfgs;1;1
0.753246753;identity;0.016430425;77;constant;695;lbfgs;1;1
0.525974026;tanh;0.006351873;79;invscaling;534;sgd;1;1
0.753246753;identity;0.017847472;90;adaptive;529;lbfgs;1;1
0.772727273;logistic;0.001048652;98;constant;610;sgd;1;1
0.766233766;relu;1.17E-05;65;constant;918;adam;1;1
